0,1,2,3,4,5,6
18778.955776322695,19560.596141784994,20455.86817353944,21436.547670314365,22075.641617224534,22285.028085497095,22845.562132422107
18492.513744785814,19003.48261105757,19520.660127037754,19975.942239342545,20234.39160124653,20247.373489269066,20501.90094912799
17746.812740449095,18081.825140157613,18312.325079341113,18520.89415200572,18844.60669399326,19124.82933836984,19361.8490930341
17405.573830973008,17955.95711854797,18515.374570787964,18999.89450209143,19211.249598559243,19211.274672273375,19426.97442154392
18245.64015126297,19304.40885152694,20450.870602528114,21691.67865357545,22496.242369170366,22831.053533001126,23537.564281708877
17179.99736501638,17519.216313557292,17773.8846548377,18041.856334802447,18342.361141278434,18594.673615743373,18841.756127024568
17408.85237136695,18097.271747276704,18818.12898134432,19530.809849153433,19860.399789463925,19938.192769114128,20282.491961424348
17332.946822807025,17701.98252048274,17985.195508340737,18281.476845144643,18625.59464685575,18917.284547308267,19199.281309681035
17496.579164953542,17999.06566493697,18474.731007159793,18865.20534611577,19053.178911542374,18983.582501014185,19170.172461845694
17027.61932174154,17307.07808453182,17448.383045321236,17548.998798460463,17880.784899113423,18157.29708604705,18302.57066507426
17376.225874184514,17916.007494742178,18536.84525040858,19135.808938911465,19311.206370064217,19275.947932200637,19518.889585224515
17042.02553516139,17325.857847509917,17483.263818546766,17531.41920043002,17901.655895391094,18148.214208219502,18287.081330961842
17049.52864800467,17223.29079344424,17336.830033057075,17463.75347969318,17656.807987198205,17760.195637426245,17906.62095676639
17433.841425101193,17830.10412293838,18249.92968443307,18549.416128298522,18637.978986950337,18491.38251611441,18581.388072291054
16751.368653718415,16869.214363042207,16885.315674937392,16847.358232096805,17072.528982469164,17190.081713837324,17223.586982253735
16756.995565986916,16890.431786139776,17006.611652764936,17147.62435793761,17286.658449059887,17359.94098748244,17507.13657853193
17261.434878733824,17733.592295532842,18306.874533122165,18854.79588133785,19015.71555639807,18940.079490570402,19147.517426245253
16905.899481549342,17163.96800350717,17351.5295873782,17546.9628723482,17801.08289363613,18028.851672476627,18238.310672250085
16797.251431289573,17006.410396346982,17166.741215596066,17389.655018639332,17568.937098289138,17651.415160282475,17887.76404230625
16975.197027266622,17282.860299245487,17525.857107546508,17780.72470860584,18051.806674106472,18296.278685186207,18548.088952714625
16913.930293351084,17181.03085465402,17359.052772483337,17535.63496620184,17809.854981626453,18049.904025510146,18252.99161525492
16979.750022002576,17333.74486936113,17566.261976927057,17742.513899618938,18124.344594457565,18447.376483389926,18679.17403021967
17298.83588247852,17698.74943862524,18033.328973363077,18379.29641777519,18732.476575564127,19035.071286119903,19363.276213373385
17395.56396752502,17938.144945105618,18353.395030401967,18707.94584073506,19220.8469799342,19672.77103376501,20064.353236077062
17639.87362507068,18352.06120225931,18913.12265898193,19308.41180325839,20000.56671248303,20603.81001944902,21069.96589776437
17529.8331721927,18145.738972854124,18614.8010125678,18948.61605566494,19553.148472239933,20077.070349623118,20481.34287399911
17640.820836371524,18169.03638175656,18572.60888906999,18899.296374282323,19414.461216774627,19853.799978486866,20224.42120717904
17725.916288102395,18183.15445054602,18554.632718978814,18956.39326872124,19347.741303894676,19706.27509336004,20075.941464044663
18216.400047185765,18878.42774640875,19568.80463723606,20291.750565894054,20722.258110677845,20790.75059824816,21095.187152811854
18649.341153543162,19303.71082390559,19918.051026819656,20389.552121311077,20691.03916712286,20752.47508920303,21037.43306415016
19093.88643423889,19440.901724320647,19695.505220631017,19935.316868575792,20343.411419282515,20698.27484691043,21001.677389998607
20164.814930385015,20483.02303924323,20778.417436767366,21082.580827091326,21301.33232558978,21259.24625297742,21464.91402442858
20958.436025777723,21067.916051416578,21172.36834696073,21317.12615365445,21550.99771490368,21702.82731943956,21921.654266568155
20877.742992618183,20957.14294295302,21008.214330149938,21107.50659386173,21274.39183177435,21417.019194161297,21563.162242985254
21230.78043560703,21325.361322432316,21400.823859522436,21532.598594793373,21707.212760988506,21852.993422205378,22023.331428581172
21184.7726576444,21422.923572062682,21557.746814280006,21516.92447456924,21929.66049883546,22212.426724767683,22326.39720546889
21183.350154527347,21636.230711306365,22110.035306419453,22547.78776483209,22744.64655579536,22643.086916264325,22825.76892189889
20910.65533155123,21044.984217123383,21026.55908367263,20842.437997566252,21203.721522482767,21432.114224519817,21368.620323814303
22412.283844222555,22547.3672289073,22597.89556026551,22520.09465432531,22878.398175545364,23116.775608072643,23191.708962885437
22504.86307930549,22567.718158954714,22532.601624820396,22321.847762159116,22647.805576250557,22832.50864196052,22791.7478701024
22519.04001808067,22512.16260208421,22607.687999064445,22651.06605927713,22457.971197068568,21994.845596428142,21811.430207987614
22617.777906757772,22440.054692062255,22257.849787092426,22116.61884905808,22080.52658513661,22003.56643211303,21942.390586042064
22623.05989442428,22639.439425603337,22605.269301696135,22597.662823770166,22693.070518956883,22758.44513430415,22819.980783016734
23331.71356853423,23584.433612697278,23920.43185779051,24241.449040309788,24276.4992159144,24042.14629426749,24101.814124273536
22931.875765033205,22851.44844731061,22758.90057617645,22683.545931456072,22709.22627636032,22595.396803892232,22618.419506196267
23706.745152992036,24165.22782473865,24717.234911530875,25205.07597513328,25369.90204303697,25295.24710756463,25521.816305022807
23273.92005345874,23512.500628877657,23683.72468826025,23866.57687522294,24123.31624142541,24349.55683182765,24561.548141945783
23921.0327309898,24180.066893076884,24372.81740223513,24569.087720644755,24880.63212595385,25166.08767061278,25420.03311606362
23189.566099761923,23476.46486997599,23668.361207797694,23856.92828808745,24125.828323516915,24357.436994913893,24574.62196946401
23316.78336174986,23726.9009705143,23945.25472683096,23969.563630065713,24516.560893536578,24934.00434084568,25045.130249195703
24108.103859630337,24489.700881214085,24806.160933954612,25159.1973801611,25512.276899018398,25842.241071484117,26176.125446303507
23975.49386395423,24396.799323713523,24725.5927572864,25068.411767893165,25446.352658885666,25796.1274573003,26137.54663338433
23744.122162001055,24078.309067304857,24294.050929387595,24482.564233959805,24842.718390832997,25144.27332671166,25376.143375066582
23825.807149936365,24358.61155988599,24847.947355299795,25252.08002678409,25444.29790662703,25332.842627949358,25529.994932906273
23406.31311549134,23915.475501094363,24270.932291994726,24401.8808821969,24974.08895033767,25392.349183996117,25646.600576310935
23075.616840919094,23442.15292113566,23669.658622539086,23720.96234387537,24144.608968524506,24433.10875802998,24611.543830014794
23358.9701610338,23678.032691145694,23844.23886202167,23810.68684733798,24254.170313097435,24548.34092747081,24643.85711470413
23105.043909831045,23266.567925817802,23320.443253038913,23372.614097883794,23548.391401014218,23682.64258627222,23781.503848001852
22062.638661471166,22183.63461078916,22211.394923361302,22253.892031803334,22342.59302252214,22371.879985695832,22413.170343759448
21803.09360276179,22019.57422358139,22085.5432187946,22047.645261072317,22311.617021859885,22471.331858397698,22511.005779836756
21871.601581632192,21919.441797173757,21875.067155508787,21852.011886593806,21917.756106338828,21944.082587957804,21946.395047518014
21929.370536424605,22066.280812814923,22120.45441673928,22206.049477862412,22328.324947851783,22441.95041255444,22531.255692057108
21987.386143084517,22176.66482975691,22296.239651342963,22445.14461813237,22610.57072923729,22742.570497843335,22875.537219071593
22441.750836808587,22688.893664522016,22878.330894799983,23087.944201654205,23330.022535078846,23516.817933188308,23716.944607263744
24085.507734112674,24146.738584066155,24184.531747777837,24256.67550886992,24455.352439227543,24621.657177880712,24751.541005345352
23704.13014973974,23874.823409698165,24006.152209101198,24167.299161822386,24362.127094080286,24482.72328421082,24670.91865175389
24368.7605201382,24451.667167009207,24456.021012101355,24363.77264112213,24636.30494467404,24787.713013008975,24836.151760082685
24528.397521116927,24530.59035566615,24507.120493608534,24526.19630260163,24608.21503702721,24666.725327611755,24732.151790106313
24427.191816026432,24568.940318090703,24675.570534153427,24820.022661572613,24977.4485757405,25116.15364728238,25275.494414012985
24770.224901257323,24862.17319109924,24887.2859335234,24865.546956980696,25089.759413677973,25237.550648712488,25322.68781219309
24422.42581154378,24373.79265899527,24306.93951841959,24294.935557227036,24318.24597384056,24275.36773872368,24295.862248848996
24455.057995262156,24617.14037652649,24781.57055074178,24880.691764299176,24745.10433554399,24401.97019553051,24326.605562022327
23867.58277430581,23908.989330925513,23830.801242893984,23664.035262980193,23845.855937805478,23922.433571202226,23872.283541617326
23333.658868286948,23371.563558889637,23345.661633259115,23359.56673861095,23405.6625894685,23373.46836678331,23395.025132995488
23357.406439316343,23449.82100944395,23486.198496115383,23542.551274639532,23640.178097532847,23651.213511617963,23734.84646166069
23709.077724632436,23825.664399154142,23897.90430659675,24001.222933287714,24153.540926475973,24232.71061676043,24359.74365537475
24129.59719051398,24589.840541628146,25139.088311687832,25683.322883765846,25857.59472563317,25728.809268194294,25928.52570104757
23348.831143279895,23509.813057442152,23589.762718185382,23680.1199519192,23854.092643983695,23981.087282804707,24091.492038920704
23651.407235239152,23691.602957728344,23701.934062458567,23732.54996496585,23843.42551488477,23857.202321944067,23926.5610741961
23579.85169693715,23760.07602759398,23833.495049397894,23822.806734344194,24088.034518755685,24249.17739915205,24336.69799808607
22610.394611386087,22813.158624016112,22884.382785509748,22893.94156521758,23120.379431928028,23261.57469090806,23334.654673726694
22751.988940114272,23033.831578148292,23252.772076429763,23475.405740781687,23707.52903233546,23854.191948552594,24068.489011628168
22707.266850250693,22973.860199410097,23131.441350381927,23257.05009502062,23526.58670363057,23727.473168404482,23888.41110648299
22661.683318908043,22871.169216475202,23001.615618513788,23142.18465523434,23332.715092462444,23477.07823846704,23622.872516414413
22173.579044982565,22345.751817740373,22337.739956523095,22140.03819204675,22469.47924542734,22642.541375909663,22542.990441215115
22330.031355893,22896.034265951144,23451.96671200206,24091.599207310173,24395.886920748115,24297.556571903508,24485.05428013701
20887.237564587587,21332.671987613383,21570.28070451506,21666.865532846117,22095.69323250189,22424.777137468205,22559.91384409915
20624.48022718221,20945.988820887163,21153.72859553883,21366.242961740943,21583.65825492681,21774.313539906034,21957.43391622616
20711.47766423852,20918.426624622505,21041.9037723628,21184.029957390172,21352.239849120113,21476.343905213733,21594.36454350335
21949.26935903718,22162.68868374488,22262.52795997639,22267.835675298364,22619.825439260643,22870.632562844956,22968.562557935627
23706.522592798872,23626.460668279444,23555.18666341544,23545.112266386255,23617.232666584332,23661.16035524643,23708.803731845623
24402.289818327597,24361.830685095665,24309.907964314963,24314.40408239481,24416.34644978813,24500.24382477116,24568.47321074318
24159.597383333137,24111.37629000195,24046.386447479126,24037.82883585288,24085.004892784542,24093.641285743535,24122.959387077215
24811.172509038595,24936.128649312894,24959.08685608191,24832.37405936123,25172.820351143295,25388.391995717684,25410.551853330202
26891.077636025533,26712.944930176913,26602.67128546239,26596.517648675494,26618.26060952711,26614.466563458845,26691.865009853936
26945.70302297654,27058.572306527793,27257.51039066547,27425.02495310308,27377.211570891315,27074.167584403825,27058.207163258478
27609.136680804957,27444.066475984062,27310.395249699097,27236.312454665553,27233.371688122064,27171.17041449799,27205.78552679027
27470.41637945179,27357.172504336704,27225.41051453109,27148.621214535124,27167.37845234649,27175.76201262114,27181.876213066156
28035.411519848964,28057.707852762927,28153.29439475936,28211.133756940675,28104.69157835286,27711.97364038814,27626.607645779135
27606.875882250526,27785.739668368216,28077.568382677164,28497.492062470577,28592.3074601753,28257.281238412426,28274.08469814083
28750.572169670828,29115.322091351747,29625.16808789131,30301.122035317352,30603.678374137005,30415.650866205033,30652.329239343868
27777.887708860657,27956.600885268697,28079.960032002655,28216.319536025,28422.152792285196,28546.83786245559,28747.592502229832
28001.591158136667,28323.948857575102,28602.03626535879,28896.99461953169,29029.060921628807,28791.80003485897,28827.17316972809
27973.595678795158,27977.021635360572,27961.915968694364,27973.19902054985,28055.302816132644,28054.285424813494,28136.627539526053
27408.552437840877,27547.6386773017,27621.504242190495,27707.379191597516,27882.44945051962,27962.727120640637,28094.16430905937
27420.136198171833,27567.322450848078,27637.32717094631,27719.421568448313,27889.50040863331,28018.82639409346,28137.249629350583
28603.79385314457,28892.814552095104,29131.702767267343,29330.598284173524,29411.488838045418,29238.125384514904,29366.129887163857
28101.621080440073,28248.863135922766,28289.20412150354,28255.565216305407,28525.642309001916,28686.669414552915,28767.54784999486
28641.175418178587,28806.821692254314,28932.10204328996,29094.030582731844,29298.148930151066,29431.783533632737,29627.986940351973
28635.145260948946,28809.378850689558,28921.06293847577,29065.700179296724,29263.706974020777,29427.659692336703,29588.048215001356
28377.169561203697,28530.501367889716,28633.166228850907,28756.342366331235,28916.575178118557,29021.008451492235,29165.050488266854
28060.957109948606,28250.05421549073,28371.862846212563,28502.526432507904,28681.439422947165,28822.000376037955,28970.60957385647
28511.832447318386,28817.207346887953,29132.692619981022,29351.753799957078,29339.41360443794,29143.031147003923,29179.62673224372
28295.71743609159,28472.770859743294,28551.82263848794,28615.34665227521,28845.19592665087,29024.686187812862,29148.333361210178
28147.888828357056,28320.731344076903,28402.02130852244,28445.140427736198,28650.664129192875,28814.543856822154,28922.855158535396
27940.97518427565,28088.924946384104,28114.156297802798,28083.685367712,28307.148036866805,28478.838547762483,28512.270889206527
28101.42047562203,28250.52878790792,28366.158335560285,28500.946624429478,28614.299326918317,28686.19889957269,28833.507416995883
28341.1985830302,28426.423498112927,28464.57136399888,28528.34276334356,28640.09598676863,28744.7533674991,28836.276005089767
29454.37289148281,29476.793706495657,29465.720968034755,29488.56587447098,29618.136007861627,29732.432985938154,29812.220870660207
30200.620778274497,30310.302173194334,30399.615805584264,30537.310800362575,30707.483453832247,30871.88244443047,31039.113150441768
29981.789607704955,30095.635086307615,30186.560590267996,30302.614563856492,30451.784216127424,30576.105599448238,30728.870355489722
30378.985648555674,30525.63359993315,30611.58980096871,30651.589620685925,30901.621584402004,31102.15578613907,31237.056482423235
30813.696563736434,31188.74012954747,31578.405405141384,31996.517186992416,32174.759289060952,32090.461232386795,32222.518262117945
30251.626158855535,30401.331274120403,30431.84098888147,30298.80558282322,30614.458964841288,30815.67147609529,30801.20425796246
30404.743149132373,30574.533864945086,30660.479183948002,30679.288378599085,30903.163678747827,31065.73519542136,31188.91736198639
29596.03823296568,29712.19006472807,29747.221554035976,29748.25501181014,29876.666086982797,29954.211251145767,30021.72396039769
30319.69094299044,30385.6309219725,30401.548259685813,30402.861232283565,30538.34636239711,30640.91797938669,30716.588105601288
29030.921897038745,29173.50623344299,29198.34096952306,29180.000537862434,29329.83483940106,29420.007074166893,29461.30407171826
28551.858946667548,28731.24930098839,28807.214566461058,28900.275770188302,29021.871654255603,29119.534879253333,29199.980716470793
27637.714984236685,27850.361088863396,27938.49588285253,28018.80337431143,28163.900092514996,28268.374704680802,28343.84611851591
27995.336015572557,28131.28324252333,28205.952625999926,28300.42088055407,28411.563816495734,28478.41823908573,28563.551243202237
27799.23957696795,27968.058669389808,28042.665810513907,28125.85257726087,28271.297816479244,28391.34514381026,28480.438675758127
27800.556026321898,28003.509519523635,28139.136776892716,28276.035773867785,28437.109926556215,28525.703938040067,28664.072140446864
28286.266239657423,28494.919233198827,28577.560839864782,28510.328775444148,28847.966498384594,29076.16933565393,29092.754988159097
28435.16506861667,28533.740061142442,28571.955941416585,28592.814476334323,28727.060211648244,28821.677335965986,28897.955877878638
29354.969985956057,29372.47022227788,29383.798423674707,29429.39614073872,29519.72030873139,29589.763219168264,29664.871976986553
29312.3687136387,29412.383606571508,29455.292821881936,29472.904625343625,29644.737983696177,29770.298725899524,29855.550074491977
29266.877678132194,29343.108413632934,29375.845675970082,29418.995194453673,29522.93744990745,29602.013933222297,29682.808778667975
29308.11953484882,29409.589539147448,29460.049119513096,29535.21320080664,29655.295809999596,29761.98385740666,29856.69164387355
28309.509689544102,28459.989787414786,28526.673438424616,28589.20130427752,28709.814151094666,28807.501688571996,28888.68979105803
28634.488288037686,28654.40715440402,28635.364253906955,28651.65876898945,28687.853008966824,28712.98413636243,28733.20786698787
29116.99167062677,29307.910200546135,29547.61645211419,29755.25170601582,29727.696969502438,29501.0541279155,29495.880595950613
28782.356857801144,28797.615555056465,28737.110213192842,28661.2540647769,28766.71829729185,28830.129984670253,28823.662413381186
29303.08355249021,29209.825552397993,29115.156776327323,29065.09765934544,29042.130109391328,29004.74209440178,28991.68855989064
28820.254366046353,28782.75844302754,28705.79408118409,28659.002797080735,28652.861144496444,28625.968953666565,28609.595164971273
28493.415270065467,28527.12178334005,28506.89142330476,28505.235222606996,28537.555156964445,28552.829564415355,28571.13287159171
27869.91948679511,27966.77430110374,27999.325231383868,28041.51570167031,28109.422738027453,28139.330023955303,28183.568005711466
27753.378685337477,27823.871511099333,27840.385035079114,27853.67535506237,27907.93574539256,27883.43185011357,27917.6293549863
28009.404426547157,28349.699901130873,28684.448486672976,28957.358322866523,28999.97025835651,28855.579393531403,28907.47370653569
27316.891678179512,27579.516971763216,27740.22132719153,27871.17384789264,28094.011396819915,28276.472214341404,28417.462661627105
27041.650773684272,27238.585766787503,27340.76370411674,27432.542673801974,27596.785728985375,27715.181749359755,27805.091306776027
27043.360164881247,27285.068190349644,27434.556270153676,27566.857141940043,27773.412637973634,27941.101266526344,28078.409088923
27094.203140195772,27256.455925544455,27352.018922568786,27476.11127991226,27606.270922999953,27731.132593387232,27836.095444772774
27259.7797518008,27400.347652426783,27464.199815682463,27533.144095860993,27680.672677672017,27804.873783154075,27893.79132237266
27228.437204728638,27387.691162931045,27490.170299957383,27608.50715003605,27752.99578685445,27861.036164819434,27977.06454830103
27313.213759820133,27302.894174600013,27250.12380263816,27208.39982780072,27245.76451264053,27254.432920584382,27249.547001401188
26892.64441723241,27002.65304570603,27014.56900138741,26947.989064978763,27117.25929106239,27207.009814369732,27211.086371544254
25955.874920851922,25399.282962166064,24735.6135775151,23979.785519832698,23724.684523033568,23344.802540281828,22706.511497978936
26954.635118121703,27023.917726506388,26972.73110546751,26774.028761395966,26995.106500618447,27096.989539354574,26996.510331991947
26714.2431853505,26726.175857939303,26660.652032438804,26582.694026672812,26632.005194826124,26637.077712884937,26607.07300800445
26739.90892645957,26666.63670564473,26563.591762279902,26488.11949494676,26459.937661394782,26390.36924289301,26335.977698578827
27047.669381498825,26967.17689370445,26852.162458938743,26777.094893551934,26759.36600182726,26721.93750591323,26671.801958729062
26342.00596198201,26317.845592438767,26230.765842532102,26169.813436893626,26151.97787454143,26116.957547252532,26073.412577563515
26623.781262307544,26722.638796061437,26793.05401289377,26881.785687847943,26957.073600062446,26999.998034094653,27097.07495356188
26572.600529081952,26521.01037270361,26423.4243138148,26339.819330043585,26354.416545237895,26331.682844523963,26287.444906876255
26685.071990293036,26589.269639951053,26463.767710618456,26371.15498282748,26337.277069830932,26276.102602118714,26212.916996251617
27677.219240158294,27466.51323704023,27279.720206921273,27145.256742862843,27068.705972441123,26955.344346146747,26872.542257367488
27574.676969707903,27442.70101543831,27293.530998444585,27176.32132960631,27130.181098549612,27013.795062856105,26955.12047874908
27645.238737922416,27623.625855515347,27572.39009962508,27555.89149770559,27582.50118959305,27591.386236812,27604.288976793112
27821.070563655987,28234.734873532874,28735.682225675988,29340.08987062028,29603.474622639413,29518.122663992224,29741.42198447437
26945.371216536292,27027.745336997115,27035.466219190184,27056.90478663982,27155.391675750085,27221.809280444177,27262.96420061437
26986.952301252804,26996.42178954083,26862.57829008885,26600.927504038926,26787.926523168968,26877.858715421684,26706.077147423523
26963.128511955845,26918.19677606673,26797.71280299953,26701.119965723883,26711.80056589368,26690.35916308123,26634.88700816311
27077.966058415474,27057.146779664174,26997.511461841816,26973.64431838075,26981.879015224506,26974.677418894033,26968.342656851088
25939.959414717945,25988.48522266741,25968.377330264404,25935.202440712586,25970.17166081579,25904.491413143154,25897.703468434935
26970.78700735071,26845.08974316003,26707.27692711618,26606.695580272542,26575.261712120322,26502.038169008953,26436.389353751005
26428.291686843084,26444.80515144606,26404.825280025678,26389.328913573852,26422.171944583384,26418.78169341325,26420.291832332485
26464.486901915145,26417.681018171425,26332.186016590145,26280.523074305896,26284.9297985099,26230.01877554826,26202.708133214634
26651.032449684706,26736.50271166044,26884.513800681998,26955.549324685453,26833.89884883554,26505.83778112573,26404.057412836857
25812.395930773648,25742.98692696199,25621.44969679987,25519.143657824105,25477.1549357402,25403.620968732383,25328.53866254747
25895.430317586608,25828.512451373354,25736.7851837617,25669.68582924708,25642.507606252322,25546.332347174266,25509.27624422361
25909.771644412627,25910.20535605101,25865.95758422488,25835.323252975282,25860.830068750765,25837.95555172962,25830.027381901014
25901.02620960553,25986.224993517713,25956.319438947467,25854.221905343737,26038.509881340236,26137.738616239596,26100.61146849189
25479.832443977008,25700.356295053934,25849.964765627374,26024.847637009996,26163.947190571565,26231.4043346733,26405.600235688795
25816.41786388734,26129.617046689098,26438.771111263304,26712.66424287064,26727.814321282833,26587.770488246602,26639.255452664103
26525.560478403757,26726.191160119793,26898.39641597971,27106.764865894387,27308.523715425188,27474.981495993623,27680.395624102457
26560.249360223854,26639.88637918127,26689.431847321128,26785.0007794421,26884.409462571984,26955.709797098847,27054.5064379466
26437.955052655663,26547.922932761532,26597.59721198048,26679.373302102496,26790.678863907204,26897.634468584267,26990.31741250438
26773.668478401258,26788.92603138534,26770.73995545494,26784.071503317587,26846.165123243194,26876.920741620706,26915.01102000524
28102.629956747533,28066.502324615794,28053.435961118237,28096.850413901666,28165.81236601164,28209.538714426282,28306.568847857427
29630.06399224177,29586.166257574645,29657.217634342353,29720.983514864856,29605.649903085636,29312.896843657505,29228.39690915402
29637.405058507276,29524.379872065336,29405.631824896787,29334.18537834711,29359.81423029423,29345.068191027523,29350.84690192796
30234.713308758728,30085.158584082685,29910.657087783187,29689.507805498615,29766.904368106367,29769.962949574743,29699.667659110233
30230.654117506634,30051.689303023697,29870.17475079175,29753.56657313869,29686.898797671376,29625.06581908596,29576.084108174935
30128.65368231175,29882.466959882644,29640.89132770815,29454.476292862975,29326.907306872465,29149.69023514411,29041.500789585567
29918.214331506904,29675.721222117118,29411.869668060528,29171.17576354027,29060.67463619444,28917.307714528433,28769.366849869086
30339.721695659216,30084.442083044793,29834.05146618715,29639.802915969423,29502.008100194424,29311.74691751126,29187.614888002245
29966.67687557562,29871.11153441057,29731.046412495172,29625.14980163145,29585.992674378256,29531.107809031826,29478.18451106776
30253.528338077725,30121.974238326347,29973.002188356284,29854.180081387385,29797.400897969997,29678.001122906993,29630.932366233494
30471.94760996379,30507.725047693326,30602.787191010757,30717.53776682847,30626.59021720424,30305.521576853356,30195.108203878048
30383.536078975092,30247.538808299276,30093.938462011534,29965.244389154257,29917.99946136582,29806.646803155887,29745.319998772437
30504.09438546141,30429.360392451388,30327.302438841944,30243.070173687076,30242.197607030306,30172.924387226627,30157.792850002843
31216.815809584696,31332.691696151807,31525.864137232424,31844.732443730885,31914.558643319833,31656.158336542878,31659.87409674885
30663.336776386786,30607.829225778954,30503.61213607481,30379.632554367898,30419.44955549758,30412.33556663921,30377.363018679614
30477.244911386937,30454.62241677699,30391.645699965993,30351.38845813158,30356.512543006553,30339.39374376472,30326.85854880453
30247.993618125332,30451.60374341372,30609.267780504248,30779.198340747098,30956.26278507131,31079.877673138013,31252.243123181095
30454.187846782854,30651.465735256206,30756.855062424762,30768.472340933622,31032.45871602113,31219.39185369621,31311.094656437002
30596.09326282055,30825.582838158534,31010.668764260747,31216.9071866385,31411.39139552763,31561.235319901738,31764.525673220018
30329.750352412364,30474.020761949276,30552.234689407014,30650.053149585037,30772.837399088574,30887.073358103793,30990.474061790694
30447.41111160473,30511.715740473806,30530.77471008317,30563.822151385444,30653.67942718415,30721.384951115542,30782.278159326357
30514.4931244442,30511.618306437493,30454.18817995488,30380.96642412827,30454.30407478801,30497.32778592426,30488.239872346647
30323.401422372444,30304.616703838696,30220.917144383544,30140.075726186064,30177.035477013604,30182.792172499296,30158.054673635208
31183.35198841027,31163.895046690282,31092.125776281606,30935.308944556695,31073.809851198,31134.26456689256,31078.096121884017
30369.788669111877,30412.426959325025,30380.006316313513,30332.27458546895,30406.35643657339,30449.434124024425,30448.994270702224
30253.970628405914,30216.593881037217,30156.940467467404,30112.380468164916,30096.469460683318,30051.749471135277,30030.898838084657
30178.037456504248,30141.435263339117,30070.362631977136,30016.479695051326,30005.730024719778,29968.13418573626,29935.71625839117
30217.977314507538,30262.045635464485,30278.38338763005,30314.632530835323,30350.65227884218,30347.453887413725,30403.907535052367
30464.106357464065,30922.984025525027,31408.2103047474,31988.027630562574,32303.098865493957,32297.210596386256,32544.503770751195
30009.537271108933,30082.289503202912,30126.9730074671,30187.659267373085,30256.657361187106,30296.983531575646,30367.84045678128
29910.775068781106,29991.135075948456,30024.233304323767,30075.79465762151,30151.55308294211,30217.302339812035,30276.689529729054
30183.19487784474,30362.021905884794,30565.074287505235,30737.291363874298,30735.123325670418,30558.618219111526,30557.848080610915
30248.954302385602,30484.084823790137,30752.681730235294,31059.674637815282,31173.702282726845,31027.691093296155,31099.94783012809
30348.029094806054,30555.18833141506,30717.973738761284,30883.5389596926,31092.387570334828,31225.823585733015,31425.733259235865
29622.428596323465,29917.635929451244,30141.300470779614,30353.8014959669,30579.960414026704,30780.689781426776,30984.403309394816
31252.986162554203,32789.071231889575,34314.73457457727,35919.605508248285,37128.55365706428,37850.112073887896,38926.56191997709
30342.112149212844,30966.9789168013,31614.529992576474,32230.48318295439,32603.870568387163,32658.605026463432,33026.242809613286
30114.40520812325,30737.777091049626,31293.84417751499,31831.496545096164,32137.48044542184,32172.842823077095,32478.099881095863
29771.58900854035,30165.323382865547,30452.58882402428,30723.340976024287,31084.77442302554,31412.500650451686,31698.948518201243
29632.546317666864,29894.53399720927,30066.63839188555,30220.06274728736,30480.33545046551,30689.892570334174,30875.01507034484
29603.762401479078,29827.204182152065,30011.43906435091,30197.03981518218,30389.015086336418,30523.57558349221,30724.31894487315
29797.25632431507,30190.58853142714,30556.641487865923,30861.84484273422,30959.40876228425,30823.610901990647,30954.946764681292
29948.429016783728,30171.362039304004,30344.202149922967,30536.847471332614,30767.701429480312,30961.123037416146,31158.24428279436
29531.239299088273,29752.74641557235,29919.58702086348,30082.584086436218,30277.01913561837,30403.9092891077,30594.638276219637
29714.464638916586,30029.366376244623,30385.890816338127,30750.986665153643,30837.608166772312,30657.21156994903,30756.56921542293
29207.80371370181,29300.80559397148,29326.04725172548,29359.87268498387,29483.714445401223,29572.80315090081,29632.654325855263
29193.618291891486,29306.932255727552,29356.43294343552,29420.499545348346,29548.15614108213,29649.084147056736,29735.379276621905
29412.763065822684,29671.794276399865,29938.205197420488,30100.86038983988,30093.36949274724,29869.912376141845,29876.2499911274
29429.2708953569,29633.03971460097,29780.164833325816,29932.567600394737,30133.92757550383,30310.131985444816,30479.907279871182
29894.599154704927,30068.430101969323,30206.31366688868,30360.503039428975,30548.903244645633,30718.94500927817,30890.20990569301
29883.845360693456,30133.239413271236,30359.907782489703,30584.04830799973,30811.234541085294,30988.25767679973,31235.82522669325
29747.299308473426,29966.151470664976,30161.574488107628,30363.526525617002,30574.606033784978,30738.37690586128,30964.36546603869
30037.366954503683,30485.4110517089,30922.46037569004,31454.07249634082,31709.40962214966,31606.22236039133,31792.964270485325
30037.344847728513,30537.490157560078,31029.077164979895,31452.129808584967,31634.696593717716,31620.746329559515,31851.97591820176
29677.216116927975,29990.347411772982,30229.3405627184,30457.866407032263,30749.34768084642,31007.47198178029,31251.810244306624
29840.6873396648,30227.97516885885,30523.555094466217,30779.347048409763,31152.867830013034,31480.054219425252,31773.545131758234
29600.963401693654,30054.407808422104,30366.490286763656,30514.906670596283,31018.362077237005,31418.45025379043,31650.46877058665
29049.902149793437,29455.64182429561,29682.452887547694,29725.58020723179,30197.218731348363,30555.03159694688,30667.181247969933
28065.44867998326,29051.890342349463,30036.84023510984,31133.70815432962,31756.488229543305,31938.21334610511,32438.61394599355
26540.90606352156,27017.035079452842,27247.934222392818,27257.934456380546,27776.783795841344,28133.97573721355,28180.499801952858
26857.71729244133,27422.42414082715,27855.266584428402,28272.632199325617,28681.491059825596,29050.218982010207,29415.371562156895
26778.967142537847,27264.54667624017,27608.855681880967,27927.028287896723,28326.259089739564,28691.444618586556,29004.290865467334
26912.84238683843,27569.80360367243,28222.66062349118,28773.82996005242,28998.313176056698,29014.3434995748,29262.105048613295
26656.219189721953,27113.940106624053,27477.2335483856,27840.318219465007,28217.029973539284,28531.442846256654,28849.393897950238
26405.581855925295,26623.833308614438,26658.05150264464,26503.319205409996,26905.177280069845,27144.5767810775,27065.359621041665
27087.939523040146,27906.26855985954,28747.137183871702,29585.344292196583,30016.320195977216,30146.862647551337,30555.24324453773
26495.77692431633,26849.05386228839,27098.968157084506,27346.71887737809,27645.111028978114,27887.217645224933,28123.93967042534
26690.674467651297,27210.132511790594,27660.295298883066,28112.02886920332,28541.5756319387,28927.76436347907,29350.95885028097
26609.611200916926,27037.544903539412,27379.29334302868,27731.201151411024,28083.380847096803,28416.082905461735,28738.388330134017
26425.169832023625,26741.093537889523,26953.119331554488,27129.80864088825,27453.114275978056,27721.54971122728,27938.33870035921
27630.80231248495,27753.821226191467,27840.74256471578,27935.514872372645,28149.879818924146,28331.325967747463,28485.587935121956
27699.814249856798,28014.57584884076,28304.6358206898,28620.853633753548,28910.76769294803,29145.767833921796,29478.73541497188
26584.93930507025,27041.176123771955,27388.643004942016,27714.03245003659,28084.31016586534,28418.772405570257,28737.94846262124
26252.43095168157,26628.042749240085,26897.546588584166,27126.496588183763,27465.520403724848,27745.026389024424,27997.4657358754
26683.716724050824,27323.67652021497,27995.481606784568,28579.069729012976,28834.73854632925,28848.831275234123,29148.496832070596
26778.22470380389,27388.375022040545,28024.163122400303,28545.281587720678,28771.45181035559,28762.709214712562,29025.645654733547
26652.117985546447,27237.052980703025,27853.02533710911,28328.63131829256,28521.488820976112,28500.17845301116,28747.83602819976
27029.030338500037,27821.20151817124,28754.863044168,29732.184941592466,30274.80634726255,30378.426918104145,30875.42788279223
27362.571373902836,28445.57951458847,29633.140809270808,30883.366571752602,31685.08075925066,31979.31646389352,32690.162198326358
26914.79266808721,27445.43894469265,27924.641521487058,28413.271590157263,28903.98123634799,29335.8601789663,29801.73669225249
26471.3355700174,26952.513827152972,27302.395258930654,27635.792975598157,28092.119088375315,28485.761617473374,28829.054220268074
27040.75450895454,27922.087399997796,28766.47738390811,29482.082656620256,29903.920803001238,30075.724828568527,30528.206692021446
26436.72136332399,26971.131976584602,27368.74751630502,27734.991208982032,28238.69038189476,28692.03869989715,29076.916201628737
25933.002660593695,26506.988763473833,26965.1663406628,27416.921686851572,27879.217220379083,28289.593776993876,28699.60890097251
25398.43857735368,25334.3274900787,25081.749210016656,24643.341945523385,24889.779434465676,24942.571608646533,24622.793041122903
26526.490997622135,26860.254633025117,27096.252807173925,27354.272540557216,27679.43468816748,27972.017905371533,28233.71997484845
27275.492070179393,27872.584605054384,28578.18195986125,29253.747680713434,29508.806057807247,29482.529710387982,29787.556559116892
27052.49962089498,27422.463011614404,27752.985468039795,28103.495521305143,28473.732946704207,28770.956231159947,29126.2705686631
26980.859643749274,27542.997126900595,27918.163656198572,28087.289019709653,28774.21960384342,29301.09772141406,29567.83351316117
26996.54946010628,27383.68659212922,27699.87886738307,28031.125169380983,28392.968944648284,28690.08458396855,29026.382434154773
26887.32439871569,27193.91204745679,27359.629594103913,27362.519779318158,27806.67183609552,28106.89302142253,28241.478383714784
27724.52842396003,28321.336671107554,28998.875770441944,29652.676828245203,29916.568623995616,29844.21408364546,30110.029338235
27323.320444769837,27534.64636884565,27679.03714986643,27832.635546487414,28084.64978622645,28295.469159596487,28484.859386275777
27494.45861336742,28212.916896130955,28995.97066390257,29739.266680201326,30068.52198719135,30099.20300176023,30424.947690769215
27290.109683707502,27815.23774356119,28279.465757848753,28747.3858403945,29217.981191856943,29611.67031193409,30067.894350257295
27274.114810168347,27858.876024638448,28333.62714959403,28823.058736822637,29309.593290516837,29784.41159416287,30239.71676248129
26893.79521074105,27471.320919853446,27893.845029519598,28300.37953898519,28822.563329012148,29305.46408417345,29710.076848641096
26988.090351256295,27758.01521264032,28315.730610951592,28639.851105798396,29433.35500318397,30083.787232482595,30490.810206579863
27000.76286389651,27635.446710972414,28180.777436771514,28731.842159806452,29260.29405546184,29736.583897108525,30244.080479486023
26904.49914084553,27589.388418841358,28044.30378579544,28275.71741384045,29033.64632039041,29641.226208520722,29947.44791928683
27707.321833452203,28504.23501370509,29275.371922984225,29936.141837059607,30323.176877412883,30358.79402363201,30662.248558868225
27542.79789256846,28282.035338816368,28819.342673472755,29112.644532501537,29933.58626829282,30583.053520177855,30972.641307578968
27252.841894539855,27637.974576659537,27868.459842631364,28018.59683911803,28463.659247646807,28820.468428508506,29052.13429537791
28102.085612724382,28319.542098811144,28475.8895566107,28673.178895028406,28928.03077534407,29154.541221603857,29369.908798079145
27927.74732909665,28286.748504695886,28553.508381165935,28856.96704151224,29194.993467673354,29501.310266397824,29795.131878560172
28397.56005182716,29245.211814509283,30204.23637988924,31219.61187680381,31706.738353083674,31812.17181109255,32302.225234966
28756.350585915367,29534.642417950614,30333.868541994656,31010.535612729258,31356.606499287263,31411.28283792725,31786.30152892524
27494.887471510174,27819.938210342385,27920.7567717169,27798.968459659714,28319.029310452097,28667.817188861372,28659.753939515784
28670.39023350847,29431.04515518582,30236.776024192426,30961.072182536896,31275.697042056432,31302.76071530376,31618.06986477291
28363.03022104591,28707.282508076732,28990.625601875257,29307.908728114664,29648.62944874228,29930.585517841602,30244.684858640787
28214.674104898415,28501.959120889398,28710.443710734075,28945.556922263873,29224.38501630891,29473.80615442701,29715.04175669775
28115.372317735877,28560.69368306334,28894.69945193943,29226.67780621892,29639.180398012966,30003.88593244175,30346.875343904896
29092.149311259855,30437.66952965566,31845.100664158308,33454.88407351616,34464.89319860679,34846.01250001544,35696.9254367086
27572.23011292872,28160.06050234827,28579.82286490984,28943.07579187548,29509.805718458018,29990.86293059061,30385.84120900429
27712.344047520368,28458.660899764473,29090.354801526606,29694.71944307587,30294.011391353495,30792.732246552398,31375.807196756607
27602.173836429516,28240.20196126839,28727.928480597544,29178.19923332135,29786.007271389408,30319.529782071073,30779.329784334193
25916.110126494306,25474.635389105875,24822.11418930982,23974.357039474064,23974.945841144265,23722.86582872447,23031.398268989942
27297.421598440567,27515.490864047777,27607.24015679279,27702.864561018338,27973.021297234518,28158.886321138725,28299.688421782193
28535.354628203986,28944.06902130645,29184.98475376761,29183.69352119443,29831.77528427173,30296.852502939917,30450.359912577725
28790.980917693065,29102.595112337614,29378.509655186674,29714.342339641058,30041.858350595903,30275.73491360178,30614.3768547701
28788.87373696705,29140.765604865952,29434.86195392863,29772.09766462556,30105.13447543671,30337.706887547345,30695.55485118501
28891.860526046647,29149.207402275635,29297.361039490203,29468.684459497275,29789.09672558618,30065.818376638388,30286.590675977553
29682.927670532627,30087.462364353207,30282.775995930773,30278.39033149119,30923.46090454775,31405.86866059857,31524.483097304237
30041.469617546056,30266.59715728476,30419.808515020253,30627.48538390147,30884.239454209623,31129.92659376288,31364.436398118356
30149.579414982785,30378.379568365133,30512.36486847277,30665.418690015293,30962.01989704732,31185.74160379602,31394.258335709106
32560.21145859787,32485.14849612633,32421.679954219937,32415.540622251494,32583.00371621141,32695.26882641622,32805.02290937154
33226.501349360595,33188.15292897326,32999.12167733394,32617.19723139031,33030.3123498488,33277.43154104179,33106.64551220364
34062.10914100651,33921.86771599236,33776.309280779096,33715.77025666437,33762.18371245965,33770.807890165306,33807.77329851428
34116.18148244787,34187.04730368102,34207.38406170673,34280.22704738984,34474.80949771484,34636.5946980493,34796.47034118561
33835.14523747869,33887.69095455199,33867.08709428075,33885.759086414524,34046.51662554212,34192.848763349604,34311.41188370839
34652.24819054045,35219.3819683576,35864.29036937351,36593.56237336126,36893.86953135113,36701.454613003094,36950.0620419679
34994.34847351816,35511.60081533229,35978.19667707767,36319.29338799893,36421.330248841754,36117.2839613087,36212.87490445626
34582.26000283985,34675.7199752145,34713.703882354865,34815.58048079477,35012.162843475315,35130.91777725123,35286.74001441806
35300.609896108166,35830.23871023144,36469.104568119095,37016.9375351698,37232.89833983014,37003.83496240765,37206.81220862174
35444.98134095884,35564.046398330414,35612.85238981784,35694.4835780791,35936.5053569329,36103.137548745544,36265.87855317507
35088.8095938735,35264.712724936355,35337.70098494826,35433.75786251904,35697.87250932224,35903.73006359389,36073.81342594421
35350.5704296513,35852.1159872541,36356.85303298692,36748.96262247892,36861.50252615963,36524.00478439114,36586.73081939567
35374.15930970917,35617.14371217323,35796.009825275185,35994.609064318036,36307.851014427695,36503.616150863854,36762.62886102611
35193.6290086367,35371.01597751623,35456.04165761661,35595.66085513745,35817.280043992585,35989.84855772592,36150.66698012164
35083.9237413783,35181.35113273255,35165.003349397084,35198.06547799964,35371.20835529015,35500.5213852265,35584.61937284315
35516.75913734348,35653.99332626464,35734.15298855618,35856.35897168044,36072.21412884446,36174.462907027424,36323.6668563646
35989.5901336596,36291.982527197775,36539.79300914533,36827.026854596246,37174.69534723488,37400.04526921193,37704.040077165744
37115.91260703784,37602.36904332476,38254.135533916735,38851.30781189382,38944.99357319192,38704.19273791366,38889.755084025266
38044.19174203658,38727.19267903776,39454.27185097334,40071.04229876598,40289.652198736316,40175.209170590584,40438.08556355263
38034.58284499589,38768.29753394323,39598.44770007881,40569.41688609298,40944.76776344669,40827.590153416226,41154.567209147426
37718.14654590185,38282.98774694806,38856.047164731426,39363.69821535219,39510.53805923189,39270.69668525935,39446.55575191117
37252.50538982385,37832.18776875099,38428.30467404134,38892.16775544007,38985.31543196128,38779.43514865684,38948.92953613035
36900.63611694716,37797.608572727404,38701.616747704764,39648.37065223486,40110.61694043753,40071.805405882114,40487.46439024214
38023.45797339818,38279.04597113151,38543.122085655654,38846.55023476346,39184.01736839122,39453.75491121931,39803.29098163708
37545.81096427433,38539.591046169706,39573.491692394935,40715.00988723513,41290.83160714668,41309.11355522785,41803.560775507554
37476.502394538344,38144.605511585076,38724.693268532974,39288.97842258877,39901.04657016364,40399.570413535184,40981.9495880296
37423.06788132641,38093.53911784281,38646.69023195659,39217.643602704375,39825.86682351609,40308.90631552199,40854.80942672978
37689.34673683183,38085.39833389406,38350.63431040877,38640.18615269174,39065.921284700824,39441.17400851127,39771.00864157921
38076.85900300959,38584.278006393004,39003.91809548301,39456.23317322371,39909.61121982795,40265.11378492028,40726.847364492816
36455.545174586645,36952.09322328668,37280.20681020021,37598.24277717051,38030.05377429889,38396.944141526634,38728.139697402636
37937.034970137334,38422.87829788738,38861.92588145848,39328.63306131772,39806.60249999913,40187.95479686016,40668.15622733886
37869.21697020791,38458.76604413599,38880.561664088345,39216.64805368916,39851.58226626723,40382.97746263258,40819.25203324041
37865.53176849784,38133.524585809624,38260.5070435916,38353.81828546975,38726.02321912521,38990.691331076436,39183.867956834096
38154.666857223914,38658.34860591419,38975.03506585742,39157.6724271502,39755.19673302148,40220.52552639202,40535.01796282787
37991.135296602326,38625.20160367964,39225.84698495458,39699.94408382453,39891.60566231661,39617.51566449225,39733.11758715038
37848.897128777186,38326.787615184425,38697.436551420746,39094.998055868724,39515.31763466252,39890.73699602743,40275.7903243087
39076.758230011554,40167.994178923516,41380.43447469077,42775.462380506826,43530.02919610681,43633.43744389377,44270.21072469611
39782.08228007323,41188.53684622237,42633.044843261036,44195.55044973436,45215.7303916633,45523.473302836566,46368.793871500224
41528.00317264985,44406.954063766556,47363.48371072823,50450.778416244866,52721.130780598425,53993.98003317772,56057.66170356608
39675.73025916571,40670.78146803113,41458.515147262166,42193.70242266434,43158.81054187781,44069.09891371319,44857.45019472609
40779.428710342414,42036.43315610141,43263.64767137026,44389.64334152394,45002.87289265969,45177.01710800984,45770.533969351534
40790.8467024703,41612.18441812319,42266.17652048727,42919.52790474752,43718.61038337182,44487.39110370228,45198.71749741953
42803.62440105886,43827.06757952738,44831.89129332165,45712.812655937116,46223.404443648054,46237.54845524323,46760.85180311687
46451.34183485314,48242.20922397932,50358.325676610795,52726.416642309065,54307.71246451582,54884.54088616739,56303.91351324422
43403.29649331759,43646.155582309766,43603.72384668462,43205.340742550885,43998.17831001484,44470.59242680386,44328.483664961896
44726.85857536673,45988.06401916531,47211.84256782461,48414.81476283675,49040.58784294589,49057.25216388573,49626.06460587065
45643.16952709481,46784.92329722356,47735.756666045105,48460.11677688352,48901.12353480868,48841.87578599444,49369.27656503592
45058.24214913794,45832.88366877214,46592.300614267806,47090.3619154603,47326.38059171342,47069.90760087583,47352.02627495497
44707.54101308208,45409.2421787586,46015.15931395807,46643.319830657565,47303.711776427735,47837.53819062385,48505.67900920179
42913.07794453434,43969.13055135242,44844.575081974486,45667.91893792966,46523.80475447654,47211.509392446824,48049.96083835337
43521.29063744078,44872.06319528446,46398.87142184435,48090.71378020623,48933.65613372128,48937.15058238256,49695.35775542547
43665.55467135783,44395.74205952745,44995.01936876194,45616.97623718247,46322.19915897923,46962.59396873721,47596.42878000191
44887.40936668342,46257.48850759928,47643.15782454011,48790.930287163705,49453.98044985943,49547.216499287795,50281.7467394391
42833.44016209297,43712.08898896255,44299.60130686244,44648.84674551143,45621.85050158296,46364.35656127068,46880.938823282995
42862.91551246925,43701.02533074358,44218.22878043144,44401.050033171196,45420.7465998628,46209.42814369846,46594.87672596599
40758.58627688691,40691.75789242972,40262.4244825313,39438.492495417304,39902.64754448981,39990.25698910356,39395.647341647425
44045.30511687822,45512.48885860747,47067.4339237027,48554.58468765352,49197.40148505318,49266.79625335091,49948.09836380973
43106.71044789147,43995.94030553165,44626.64722238837,45103.26566252374,46057.451963225576,46856.21779803324,47456.64344246053
41726.33038112606,40850.70247819813,39656.41869896644,38153.09736937785,38127.09559783758,37707.135966707254,36504.107076646054
46024.937368736646,48124.73455607029,50350.59041156602,52916.94585097415,54382.116991507995,54814.76873116064,56001.22549366331
44848.36918957285,46065.387456825585,46911.98516573038,47263.198180143314,48731.60937824544,49893.49503544191,50486.47883513583
44524.84047701389,45731.215774917495,46501.16871729599,46823.044793744826,48213.88717271104,49343.21931326569,49875.02983274592
44092.241030946694,45161.16335306868,45923.03933290037,46484.17459512663,47524.63905859488,48413.548656027575,49149.31366232476
45399.088462998094,47178.32730207218,48997.198525823536,50782.20256996997,51716.79088995914,51923.133948103285,52788.1929478394
44692.54207257251,46467.23238411607,48270.08166961588,49879.93474509869,50650.81563090604,50789.09576578047,51607.84646938624
44734.28501035918,45870.707634859325,46790.560675176865,47743.67150186847,48719.443058201054,49645.7421294031,50552.7408460459
43938.91839946565,45169.032348303386,46042.8912214599,46870.8045080464,47991.56275673187,49033.16265632283,49900.16956986215
43753.369586335444,45054.08101524235,46127.02482854801,47185.10122114528,48203.60501238144,49057.373400459335,50093.201625104164
43120.15522216681,44144.44547984977,44841.71010789299,45397.64982208889,46389.28571835893,47253.03584155375,47929.028004484644
43396.58281202017,44495.73657034407,45251.34121593372,45948.09193924879,46984.403676221424,47879.54556564777,48614.79110787188
45757.298519947304,47150.78710586655,48389.296809836946,49725.408439830135,50933.87167555537,52048.04067033183,53287.742062799545
45809.01412952402,47059.36825572855,47964.470092898075,48381.314278047095,49848.59035849167,50992.56010477708,51720.00953593341
42803.98062043492,43297.39639203383,43259.50985221208,42758.49956821603,43707.02081310503,44267.94894265575,43991.79752491676
44676.32087226874,45380.20946706089,45835.3559031646,46287.88337972424,46987.948746225295,47609.18467689687,48139.29318814882
45252.01126698263,46418.69201964092,47718.19400899758,48876.793739707595,49210.60618005485,48898.42604118402,49228.849119325234
44413.18329990217,44890.36341713635,45144.74433243518,45415.43827197028,45946.93889506652,46352.740474408856,46705.67317981534
44918.44280446065,46050.0678904896,47076.49141090522,47881.27125259332,48031.27843657833,47607.690141777886,47650.622640442656
46898.832410208284,47087.403178613604,47287.92511848625,47573.76386654171,47871.48635579929,48006.99195023254,48389.432741150784
47418.68438302103,48618.74823388098,49996.698019282034,51235.708969535284,51640.9830691724,51361.54504633258,51855.256929298506
46824.370162409825,47440.26502389443,47787.33233513963,47766.70114387058,48728.66295812387,49410.22079818233,49710.10980439524
47011.28449977189,47970.744321332946,49055.9052577931,50017.407017056124,50140.04814189689,49653.10901985984,49822.245560954936
43868.852083201105,44551.841469665924,44964.67050548708,45361.750794731815,45925.05890480546,46391.13980106145,46823.36403105337
43402.211003403005,44324.08050470796,44768.91089054967,44735.07460890761,45910.72083326706,46737.68864167745,46925.235659915576
42147.28431969215,42998.46405791218,43290.73394297926,43098.23668265063,44256.639757843346,45041.03555501975,45029.5283882408
43579.46806068431,44490.43233006,45252.155136198744,46071.01556859817,46811.29637078165,47441.83991280713,48210.8432867463
43582.797378011725,44474.83743044767,45000.18502770773,44964.68466046287,46231.975871841125,47071.27167869707,47371.79483864556
43324.892290786425,43863.48525756989,44195.34931279157,44590.56092154655,45102.13152158682,45523.59897052589,45906.3123560241
42278.69700548302,43504.10870979665,44184.28346447742,44333.15595741219,45802.173479367506,46878.56333384795,47228.42656532842
42626.55690012846,43882.74074763838,45113.31180935974,46151.05506145423,46521.47837898354,46059.70192737739,46322.2995358925
42804.88540938871,43726.9543015985,44398.92424146088,45103.5554496728,45924.25917921868,46657.069876947804,47344.066493513055
42897.830465772466,44154.41854682836,45390.37795652454,46393.72898499657,46689.865524294364,46254.90306516671,46552.30815831522
40827.115435519416,41683.2744942081,42280.80408386256,42923.940748800334,43591.9601309031,44179.95204018723,44740.72947752181
41645.14558934055,43100.64141496911,44630.74247323983,45894.005129352794,46345.79051524804,46174.07286428938,46668.291312431735
41096.134866581386,41935.73193503839,42509.21749504061,43145.17090091745,43888.2781123302,44544.42793359527,45126.53986816911
40705.53364125991,41734.76203200996,42298.7209931879,42546.58295366797,43730.584258381095,44659.94229517671,45087.540680771235
42386.06045883926,43088.659526920645,43548.775285123986,44101.68777080774,44790.090128039956,45432.38092135839,45995.3709922939
42800.821416682054,43750.15601490078,44359.48254383032,44733.49533635152,45841.869897233075,46682.78469086366,47275.119357031086
42350.379646912996,42773.4828444724,42961.2821144491,43226.72550685264,43717.105351879545,44110.69676446041,44428.32104357965
43291.08413687756,43505.61310576404,43531.26701932844,43672.33920358566,44018.670034546194,44268.78292169281,44474.700641773044
43469.81112456311,43950.90699921567,44294.06837608112,44655.50277491258,45200.87684087726,45459.26394531568,45919.10365058311
42962.79451504969,43850.171793398426,44262.11918664883,44145.04146883083,45451.99725916299,46362.12673975558,46528.784776404194
42994.99400621559,43540.90846348788,43685.369719109316,43331.82302935976,44298.02550792374,44884.62989375807,44896.199083307714
43329.73165895702,43469.15226609453,43484.59626472935,43634.84150268491,43929.7377269302,43988.9903887221,44159.944517949414
44490.88971298652,45606.211007931575,47060.95580658309,48606.75900150624,48985.31992990555,48598.27989609324,49156.65133168886
43734.707678375926,44557.31883538808,45518.90603591939,46268.45176902642,46232.109525396954,45493.36153019459,45576.33746857144
43096.41242429697,43333.27933669996,43466.368494099836,43655.384835029916,43938.1065032093,43992.421319304325,44295.31691138551
43410.20708659047,43757.660947500306,43896.331523872774,44088.66290136021,44569.25070904277,44942.022697863824,45249.94132997745
44096.419205877384,44080.832755115785,43927.202242965344,43907.70703522355,44104.46743440167,44213.89391839628,44273.880829062764
44559.91833979424,44243.2647502265,43801.65767247908,43507.87497636876,43481.683762791494,43378.702727973614,43217.263257435
47519.53492897426,48214.43136031352,49096.6145879152,49822.72630606593,49910.61477802667,49217.93910727373,49357.65983740552
47644.99983450068,48103.70672159196,48282.58625525258,48131.77181977853,49086.920648273284,49721.44682720609,49925.89864671825
48337.1897691464,48651.27303850919,48800.144467261554,49017.219751839664,49508.100195381296,49929.94465567153,50296.23868330266
49866.1616206494,50077.324629178904,50219.295646949504,50477.94724143497,50922.27845076607,51144.76388051465,51515.03378876067
50639.028691500775,51456.34987480918,52232.73314481311,53089.056454878635,53942.52088676263,54661.17286897798,55575.80560757147
51697.44335531581,52142.47905938266,52369.515718077746,52465.811899636814,53315.744039184836,53962.94956283976,54341.5121046289
53061.46249964596,54207.34211540445,55767.59585467033,57591.246734715976,58220.33888308986,57852.46997581428,58498.728926011056
52151.10374987399,52267.77772665775,52263.21660547995,52382.028183469396,52711.788449545435,52932.162630708735,53158.33026912122
52639.15003676465,53243.794104779496,53913.28208066489,54435.42855282564,54512.55129655645,53759.18413869869,53688.68269883325
52386.28310840054,52537.86944059999,52615.50879224629,52746.84233744558,53089.0900825943,53182.449572627345,53490.258238816445
51846.73684223606,51926.05827529121,51869.845621960834,51914.79847850662,52136.027679275656,52276.27978890031,52441.27785668509
54129.25557929872,55467.25622849712,57122.90514976311,59335.63202247617,60310.24123326333,59961.06951854935,60661.877409406385
52469.402397412334,53014.567840699805,53323.12233428398,53660.767430515945,54291.59016562054,54803.62437784945,55247.68334026889
51753.83848619894,52198.36910772894,52361.047258371065,52540.94732211721,53076.79604733642,53460.44059667038,53773.095873884915
51302.22625995134,51923.52929588259,52165.24678674956,52350.165079337035,53070.74606505716,53616.16497793715,53963.00768154728
52399.101279420705,53148.374218859004,53690.3054702052,54306.06187263449,55002.899354460635,55612.74367986039,56241.74194612236
52792.29389972298,53697.554980921006,54411.14581358627,55183.528358415446,56051.31693572787,56729.55926129926,57484.71502193928
54565.38100417064,55097.818869218885,55410.048941513385,55668.68519948239,56462.99440970317,57039.096153460225,57481.47003035431
57472.01969021393,58155.364595736835,58727.00938510362,59429.21592658223,60244.85884030687,60959.43110458965,61720.52028756252
61895.83262945946,62408.48918171294,62776.94022979044,62895.73571652356,63982.686909222684,64831.06014373268,65402.01786137111
60499.238190342745,60352.47870392104,60078.11724572038,59827.608216177825,60103.06455338701,60220.42951481968,60277.83306143469
61722.68560303466,61358.78303772493,61045.79255189407,60923.977711450934,60892.314480419474,60683.388699521194,60771.15826844691
61351.10237899433,61000.227468412355,60538.87023958318,60227.070067339984,60214.619699316754,60119.950649196784,60013.67806535194
62868.34990761256,62860.676500189686,62788.021576628875,62852.31521392793,63084.642841971945,63249.81320194041,63472.24220941229
66974.83760087198,66467.33439108465,66052.47466746802,65881.15378849898,65864.9928407291,65830.46539962896,65871.42513433998
64132.22908830563,64329.26473357475,64361.466057968435,64497.4302383559,64731.83720091071,64750.70481920899,65063.75902828408
66706.0029149235,67558.3691178182,68504.93117581488,69279.94160798978,69441.51556619685,68819.83397457059,69076.93186067394
66880.00031656116,67052.21059734632,67196.08312760782,67452.84176437283,67810.70113573327,68019.79746012673,68455.34352573272
67702.29092167082,67572.15799289144,67382.4286616725,67377.20144487433,67525.23789215893,67612.23917572454,67752.76409941594
68274.89768558153,68731.83402445924,68918.6396113656,68812.2243439866,69663.40748551817,70297.58847606447,70617.30413505326
